,ilkid,all_star_leag,all_star_firstyear,all_star_lastyear,all_star_gp,all_star_minutes,all_star_total_pts,all_star_dreb,all_star_oreb,all_star_reb,all_star_asts,all_star_stl,all_star_blk,all_star_turnover,all_star_pf,all_star_fga,all_star_fgm,all_star_fta,all_star_tpa,all_star_tpm
0,ABDURSH01 ,N,2001,2001,1,21,9.0,5.0,1.0,6.0,0.0,0.0,0.0,0.0,2.0,4.0,4.0,0.0,1.0,1.0
1,ABDULKA01 ,N,1969,1988,19,548,264.0,0.0,0.0,142.0,54.0,0.0,0.0,0.0,0.0,212.0,110.0,53.0,0.0,0.0
2,ADAMSAL01 ,N,1975,1975,1,11,4.0,0.0,0.0,3.0,0.0,0.0,0.0,0.0,0.0,4.0,2.0,0.0,0.0,0.0
3,ADAMSMI01 ,N,1991,1991,1,14,9.0,0.0,0.0,1.0,1.0,0.0,0.0,0.0,0.0,8.0,4.0,0.0,0.0,0.0
4,AGUIRMA01 ,N,1983,1987,3,42,36.0,0.0,0.0,4.0,4.0,0.0,0.0,0.0,0.0,24.0,13.0,10.0,0.0,0.0
5,AINGEDA01 ,N,1987,1987,1,19,12.0,0.0,0.0,3.0,2.0,0.0,0.0,0.0,0.0,11.0,4.0,2.0,0.0,0.0
6,ALLENRA02 ,N,1999,2003,4,84,60.0,5.0,5.0,10.0,13.0,8.0,2.0,8.0,7.0,58.0,23.0,10.0,27.0,6.0
7,ANDERKE02 ,N,1993,1993,1,16,6.0,0.0,0.0,4.0,3.0,0.0,0.0,0.0,0.0,10.0,3.0,0.0,0.0,0.0
8,ARCHINA01 ,N,1972,1981,6,164,77.0,0.0,0.0,31.0,42.0,0.0,0.0,0.0,0.0,62.0,29.0,25.0,0.0,0.0
9,ARIZIPA01 ,N,1950,1961,10,305,137.0,0.0,0.0,47.0,6.0,0.0,0.0,0.0,0.0,116.0,54.0,36.0,0.0,0.0
10,ARMSTBJ01 ,N,1993,1993,1,22,11.0,0.0,0.0,1.0,4.0,0.0,0.0,0.0,0.0,9.0,5.0,0.0,0.0,0.0
11,ARTESRO01 ,N,2003,2003,1,17,7.0,2.0,1.0,3.0,3.0,1.0,0.0,1.0,2.0,5.0,3.0,2.0,1.0,0.0
12,BAKERVI01 ,N,1994,1997,4,70,35.0,7.0,13.0,24.0,3.0,1.0,0.0,0.0,3.0,31.0,13.0,12.0,0.0,0.0
13,BARKLCH01 ,N,1986,1996,10,308,113.0,0.0,0.0,60.0,16.0,0.0,0.0,0.0,0.0,91.0,45.0,32.0,0.0,0.0
14,BARKSDO01 ,N,1952,1952,1,11,1.0,0.0,0.0,3.0,2.0,0.0,0.0,0.0,0.0,1.0,0.0,3.0,0.0,0.0
15,BARNEDI01 ,N,1967,1967,1,22,15.0,0.0,0.0,1.0,0.0,0.0,0.0,0.0,0.0,12.0,7.0,2.0,0.0,0.0
16,BARNEMA01 ,A,1974,1975,2,34,23.0,1.0,0.0,1.0,2.0,0.0,0.0,2.0,5.0,18.0,9.0,5.0,0.0,0.0
17,BARNHLE01 ,N,1951,1952,2,36,16.0,0.0,0.0,5.0,4.0,0.0,0.0,0.0,0.0,18.0,8.0,2.0,0.0,0.0
18,BARRODA01 ,N,1994,1994,1,11,5.0,0.0,0.0,1.0,3.0,0.0,0.0,0.0,0.0,5.0,2.0,0.0,0.0,0.0
19,BARRYRI01 ,A,1968,1971,4,82,44.0,12.0,5.0,24.0,18.0,0.0,0.0,4.0,7.0,37.0,16.0,14.0,0.0,0.0
20,BARRYRI01 ,N,1965,1977,8,294,128.0,0.0,0.0,29.0,31.0,0.0,0.0,0.0,0.0,111.0,54.0,24.0,0.0,0.0
21,BAYLOEL01 ,N,1958,1969,11,321,218.0,0.0,0.0,99.0,38.0,0.0,0.0,0.0,0.0,164.0,70.0,98.0,0.0,0.0
22,BEARDBU01 ,N,1971,1971,1,7,3.0,0.0,0.0,1.0,0.0,0.0,0.0,0.0,0.0,4.0,1.0,1.0,0.0,0.0
23,BEARDRA01 ,N,1950,1950,1,0,6.0,0.0,0.0,3.0,2.0,0.0,0.0,0.0,0.0,8.0,3.0,3.0,0.0,0.0
24,BEASLJO01 ,A,1967,1969,3,71,39.0,12.0,6.0,26.0,2.0,0.0,0.0,2.0,15.0,28.0,17.0,4.0,1.0,1.0
25,BEATTZE01 ,N,1965,1967,2,54,16.0,0.0,0.0,28.0,2.0,0.0,0.0,0.0,0.0,22.0,2.0,15.0,0.0,0.0
26,BEATYZE01 ,A,1970,1972,3,69,33.0,14.0,5.0,19.0,4.0,1.0,2.0,9.0,9.0,28.0,15.0,4.0,0.0,0.0
27,BECKBY01  ,A,1968,1975,2,47,28.0,7.0,3.0,14.0,1.0,0.0,0.0,1.0,6.0,24.0,13.0,2.0,0.0,0.0
28,BECKEAR01 ,A,1967,1971,2,28,11.0,2.0,3.0,5.0,1.0,0.0,0.0,3.0,1.0,15.0,5.0,1.0,0.0,0.0
29,BELLAWA01 ,N,1961,1964,4,83,48.0,0.0,0.0,30.0,4.0,0.0,0.0,0.0,0.0,38.0,19.0,19.0,0.0,0.0
30,BINGDA01  ,N,1967,1975,7,125,41.0,0.0,0.0,16.0,16.0,0.0,0.0,0.0,0.0,43.0,16.0,9.0,0.0,0.0
31,BIRDLA01  ,N,1979,1991,12,475,117.0,0.0,0.0,71.0,39.0,0.0,0.0,0.0,0.0,116.0,46.0,24.0,0.0,0.0
32,BIRDSOT01 ,N,1978,1983,5,64,15.0,0.0,0.0,7.0,3.0,0.0,0.0,0.0,0.0,19.0,6.0,6.0,0.0,0.0
33,BLACKRO01 ,N,1984,1989,4,88,71.0,0.0,0.0,13.0,13.0,0.0,0.0,0.0,0.0,49.0,29.0,16.0,0.0,0.0
34,BLAYLMO01 ,N,1993,1993,1,16,5.0,0.0,0.0,1.0,2.0,0.0,0.0,0.0,0.0,5.0,2.0,0.0,0.0,0.0
35,BLOCKJO01 ,N,1972,1972,1,5,4.0,0.0,0.0,2.0,0.0,0.0,0.0,0.0,0.0,4.0,2.0,0.0,0.0,0.0
36,BOONERO01 ,A,1970,1975,4,67,41.0,4.0,3.0,10.0,9.0,2.0,2.0,3.0,6.0,36.0,18.0,5.0,2.0,1.0
37,BOOZEBO01 ,N,1967,1967,1,19,4.0,0.0,0.0,5.0,0.0,0.0,0.0,0.0,0.0,5.0,2.0,0.0,0.0,0.0
38,BORYLVI01 ,N,1950,1950,1,0,9.0,0.0,0.0,2.0,2.0,0.0,0.0,0.0,0.0,6.0,4.0,1.0,0.0,0.0
39,BRADLBI01 ,N,1972,1972,1,12,4.0,0.0,0.0,1.0,0.0,0.0,0.0,0.0,0.0,5.0,2.0,0.0,0.0,0.0
40,BRANDEL01 ,N,2001,2001,1,19,6.0,5.0,5.0,10.0,1.0,0.0,1.0,2.0,2.0,5.0,3.0,0.0,0.0,0.0
41,BRANDTE01 ,N,1995,1996,2,37,21.0,2.0,1.0,4.0,11.0,2.0,0.0,0.0,2.0,21.0,8.0,2.0,4.0,2.0
42,BRAUNCA01 ,N,1952,1956,5,189,30.0,0.0,0.0,12.0,8.0,0.0,0.0,0.0,0.0,27.0,13.0,4.0,0.0,0.0
43,BRIANFR01 ,N,1950,1951,2,25,27.0,0.0,0.0,13.0,7.0,0.0,0.0,0.0,0.0,24.0,9.0,11.0,0.0,0.0
44,BRIDGBI01 ,N,1966,1969,3,53,28.0,0.0,0.0,14.0,6.0,0.0,0.0,0.0,0.0,16.0,13.0,11.0,0.0,0.0
45,BRISKJO01 ,A,1970,1971,2,48,23.0,13.0,9.0,22.0,4.0,0.0,0.0,3.0,4.0,29.0,8.0,10.0,2.0,0.0
46,BROWNFR01 ,N,1975,1975,1,24,14.0,0.0,0.0,0.0,1.0,0.0,0.0,0.0,0.0,13.0,7.0,0.0,0.0,0.0
47,BROWNLA01 ,A,1967,1969,3,62,25.0,3.0,0.0,6.0,15.0,0.0,0.0,11.0,5.0,18.0,8.0,9.0,3.0,2.0
48,BROWNRO01 ,A,1967,1971,4,108,43.0,9.0,4.0,19.0,9.0,0.0,0.0,9.0,14.0,43.0,15.0,17.0,5.0,0.0
49,BROWNRO02 ,A,1975,1975,1,9,4.0,0.0,0.0,3.0,3.0,0.0,0.0,0.0,1.0,2.0,2.0,0.0,0.0,0.0
50,BRYANKO01 ,N,1997,2003,6,182,125.0,17.0,10.0,27.0,26.0,14.0,3.0,16.0,17.0,103.0,52.0,16.0,21.0,9.0
51,BUNCELA01 ,A,1967,1967,1,7,3.0,0.0,0.0,0.0,0.0,0.0,0.0,0.0,0.0,2.0,1.0,1.0,0.0,0.0
52,BUSEDO01  ,A,1975,1975,1,14,5.0,0.0,0.0,1.0,3.0,0.0,0.0,0.0,0.0,5.0,2.0,0.0,2.0,1.0
53,BUSEDO01  ,N,1976,1976,1,19,4.0,0.0,0.0,2.0,5.0,0.0,0.0,0.0,0.0,4.0,2.0,0.0,0.0,0.0
54,CALDWJO01 ,A,1970,1972,2,55,28.0,10.0,3.0,13.0,5.0,1.0,1.0,8.0,5.0,24.0,13.0,4.0,0.0,0.0
55,CALDWJO01 ,N,1968,1969,2,42,25.0,0.0,0.0,11.0,4.0,0.0,0.0,0.0,0.0,20.0,11.0,5.0,0.0,0.0
56,CALVIMA01 ,A,1970,1974,5,112,56.0,9.0,4.0,13.0,34.0,3.0,0.0,13.0,16.0,48.0,16.0,29.0,3.0,1.0
57,CARRAU01  ,N,1973,1973,1,5,0.0,0.0,0.0,1.0,0.0,0.0,0.0,0.0,0.0,4.0,0.0,0.0,0.0,0.0
58,CARRIDA01 ,A,1967,1969,3,57,29.0,4.0,2.0,7.0,6.0,0.0,0.0,5.0,8.0,26.0,8.0,15.0,9.0,1.0
59,CARROJO01 ,N,1986,1986,1,18,4.0,0.0,0.0,6.0,0.0,0.0,0.0,0.0,0.0,7.0,1.0,2.0,0.0,0.0
60,CARTEGE01 ,A,1970,1970,1,8,4.0,2.0,0.0,2.0,0.0,0.0,0.0,2.0,2.0,3.0,2.0,2.0,0.0,0.0
61,CARTEVI01 ,N,1999,2003,5,192,48.0,5.0,5.0,10.0,8.0,5.0,1.0,8.0,3.0,45.0,22.0,1.0,10.0,3.0
62,CARTWBI01 ,N,1979,1979,1,14,8.0,0.0,0.0,3.0,1.0,0.0,0.0,0.0,0.0,8.0,4.0,0.0,0.0,0.0
63,CASSESA01 ,N,2003,2003,1,13,4.0,1.0,0.0,1.0,7.0,1.0,0.0,1.0,0.0,3.0,2.0,0.0,0.0,0.0
64,CEBALCE01 ,N,1994,1994,1,99,0.0,0.0,0.0,0.0,0.0,0.0,0.0,0.0,0.0,0.0,0.0,0.0,0.0,0.0
65,CHAMBTO01 ,N,1986,1990,4,84,77.0,0.0,0.0,16.0,5.0,0.0,0.0,0.0,0.0,56.0,29.0,22.0,0.0,0.0
66,CHAMBWI01 ,N,1959,1972,13,388,191.0,0.0,0.0,197.0,36.0,0.0,0.0,0.0,0.0,122.0,72.0,94.0,0.0,0.0
67,CHAPPLE01 ,N,1963,1963,1,12,4.0,0.0,0.0,1.0,2.0,0.0,0.0,0.0,0.0,5.0,1.0,2.0,0.0,0.0
68,CHEEKMA01 ,N,1982,1987,4,44,16.0,0.0,0.0,3.0,4.0,0.0,0.0,0.0,0.0,16.0,7.0,2.0,0.0,0.0
69,CHENIPH01 ,N,1973,1976,3,48,22.0,0.0,0.0,5.0,3.0,0.0,0.0,0.0,0.0,20.0,10.0,4.0,0.0,0.0
70,CLARKAR01 ,N,1967,1971,2,36,25.0,0.0,0.0,1.0,9.0,0.0,0.0,0.0,0.0,13.0,7.0,11.0,0.0,0.0
71,CLIFTNA01 ,N,1956,1956,1,23,8.0,0.0,0.0,11.0,3.0,0.0,0.0,0.0,0.0,11.0,4.0,0.0,0.0,0.0
72,COLEMDE01 ,N,1993,1993,1,18,2.0,0.0,0.0,3.0,1.0,0.0,0.0,0.0,0.0,6.0,1.0,0.0,0.0,0.0
73,COLEMJA01 ,N,1954,1954,1,19,6.0,0.0,0.0,6.0,1.0,0.0,0.0,0.0,0.0,8.0,2.0,3.0,0.0,0.0
74,COLLIDO01 ,N,1975,1978,4,167,34.0,0.0,0.0,13.0,17.0,0.0,0.0,0.0,0.0,24.0,11.0,15.0,0.0,0.0
75,COMBSGL01 ,A,1969,1971,3,47,14.0,1.0,0.0,4.0,6.0,0.0,0.0,2.0,4.0,21.0,6.0,2.0,9.0,2.0
76,COSTELA01 ,N,1957,1964,6,170,24.0,0.0,0.0,9.0,11.0,0.0,0.0,0.0,0.0,32.0,11.0,2.0,0.0,0.0
77,COUSYBO01 ,N,1950,1962,13,368,147.0,0.0,0.0,75.0,86.0,0.0,0.0,0.0,0.0,158.0,52.0,51.0,0.0,0.0
78,COWENDA01 ,N,1971,1977,7,253,76.0,0.0,0.0,81.0,12.0,0.0,0.0,0.0,0.0,66.0,33.0,14.0,0.0,0.0
79,CUMMITE01 ,N,1984,1988,2,35,27.0,0.0,0.0,12.0,1.0,0.0,0.0,0.0,0.0,26.0,11.0,6.0,0.0,0.0
80,CUNNIBI01 ,A,1972,1972,1,20,18.0,6.0,0.0,6.0,4.0,1.0,0.0,3.0,6.0,12.0,9.0,0.0,1.0,0.0
81,CUNNIBI01 ,N,1968,1971,4,93,48.0,0.0,0.0,23.0,9.0,0.0,0.0,0.0,0.0,44.0,18.0,15.0,0.0,0.0
82,DAMPILO01 ,A,1967,1974,7,175,88.0,11.0,1.0,15.0,15.0,2.0,0.0,9.0,12.0,85.0,39.0,8.0,16.0,3.0
83,DANDRBO01 ,N,1972,1978,4,74,26.0,0.0,0.0,14.0,2.0,0.0,0.0,0.0,0.0,25.0,12.0,3.0,0.0,0.0
84,DANIEME01 ,A,1967,1973,7,195,132.0,45.0,20.0,77.0,8.0,0.0,3.0,17.0,20.0,111.0,50.0,53.0,0.0,0.0
85,DANTLAD01 ,N,1979,1985,6,130,59.0,0.0,0.0,26.0,7.0,0.0,0.0,0.0,0.0,55.0,20.0,20.0,0.0,0.0
86,DAUGHBR01 ,N,1987,1992,5,76,34.0,0.0,0.0,24.0,3.0,0.0,0.0,0.0,0.0,29.0,15.0,7.0,0.0,0.0
87,DAVIEBO01 ,N,1950,1953,4,75,48.0,0.0,0.0,13.0,17.0,0.0,0.0,0.0,0.0,40.0,19.0,14.0,0.0,0.0
88,DAVISAN01 ,N,2000,2000,1,20,8.0,2.0,7.0,9.0,0.0,1.0,1.0,0.0,0.0,11.0,4.0,0.0,0.0,0.0
89,DAVISBA01 ,N,2001,2003,2,29,9.0,1.0,0.0,1.0,12.0,1.0,0.0,4.0,1.0,13.0,4.0,0.0,8.0,1.0
90,DAVISDA01 ,N,1999,1999,1,14,4.0,5.0,3.0,8.0,1.0,0.0,0.0,0.0,0.0,3.0,2.0,0.0,0.0,0.0
91,DAVISLE01 ,A,1969,1969,1,9,3.0,0.0,0.0,2.0,0.0,0.0,0.0,0.0,1.0,3.0,1.0,1.0,1.0,0.0
92,DAVISWA02 ,A,1968,1968,1,20,6.0,4.0,3.0,7.0,2.0,0.0,0.0,3.0,2.0,8.0,3.0,0.0,0.0,0.0
93,DAVISWA03 ,N,1977,1977,1,15,10.0,0.0,0.0,1.0,6.0,0.0,0.0,0.0,0.0,6.0,3.0,4.0,0.0,0.0
94,DAVISWA04 ,N,1978,1978,1,19,8.0,0.0,0.0,4.0,4.0,0.0,0.0,0.0,0.0,9.0,4.0,0.0,0.0,0.0
95,DAVISWA05 ,N,1979,1979,1,23,12.0,0.0,0.0,4.0,2.0,0.0,0.0,0.0,0.0,10.0,5.0,2.0,0.0,0.0
96,DAVISWA06 ,N,1980,1980,1,22,12.0,0.0,0.0,7.0,1.0,0.0,0.0,0.0,0.0,9.0,5.0,2.0,0.0,0.0
97,DAVISWA07 ,N,1981,1981,1,22,12.0,0.0,0.0,7.0,1.0,0.0,0.0,0.0,0.0,9.0,5.0,2.0,0.0,0.0
98,DAVISWA08 ,N,1983,1983,1,15,10.0,0.0,0.0,1.0,1.0,0.0,0.0,0.0,0.0,9.0,5.0,0.0,0.0,0.0
99,DAVISWA09 ,N,1986,1986,1,15,7.0,0.0,0.0,2.0,1.0,0.0,0.0,0.0,0.0,12.0,3.0,0.0,0.0,0.0
100,DEBUSDA01 ,N,1965,1973,8,167,77.0,0.0,0.0,51.0,11.0,0.0,0.0,0.0,0.0,81.0,37.0,4.0,0.0,0.0
101,DISCHTE01 ,N,1962,1964,3,44,19.0,0.0,0.0,8.0,2.0,0.0,0.0,0.0,0.0,15.0,7.0,6.0,0.0,0.0
102,DIVACVL01 ,N,2000,2000,1,9,8.0,2.0,1.0,3.0,1.0,2.0,0.0,1.0,0.0,6.0,4.0,0.0,1.0,0.0
103,DONALJA01 ,N,1987,1987,1,8,2.0,0.0,0.0,6.0,1.0,0.0,0.0,0.0,0.0,0.0,0.0,2.0,0.0,0.0
104,DREWJO01  ,N,1975,1979,2,24,6.0,0.0,0.0,6.0,0.0,0.0,0.0,0.0,0.0,7.0,1.0,5.0,0.0,0.0
105,DREXLCL01 ,N,1985,1996,10,265,96.0,0.0,0.0,44.0,23.0,0.0,0.0,0.0,0.0,79.0,40.0,12.0,0.0,0.0
106,DUCKWKE01 ,N,1988,1990,2,26,11.0,0.0,0.0,5.0,0.0,0.0,0.0,0.0,0.0,8.0,4.0,4.0,0.0,0.0
107,DUKESWA01 ,N,1959,1960,2,43,12.0,0.0,0.0,19.0,2.0,0.0,0.0,0.0,0.0,16.0,5.0,3.0,0.0,0.0
108,DUMARJO01 ,N,1989,1996,6,98,34.0,1.0,0.0,7.0,20.0,0.0,0.0,0.0,0.0,35.0,14.0,2.0,4.0,1.0
109,DUNCATI01 ,N,1997,2003,6,170,87.0,59.0,22.0,81.0,17.0,5.0,4.0,14.0,9.0,69.0,39.0,11.0,1.0,0.0
110,EAKINJI01 ,A,1973,1973,1,21,2.0,4.0,0.0,4.0,4.0,2.0,3.0,0.0,2.0,4.0,1.0,0.0,0.0,0.0
111,EATONMA01 ,N,1988,1988,1,9,0.0,0.0,0.0,5.0,0.0,0.0,0.0,0.0,0.0,0.0,0.0,0.0,0.0,0.0
112,EDDLETH01 ,N,1950,1951,2,26,9.0,0.0,0.0,2.0,5.0,0.0,0.0,0.0,0.0,12.0,3.0,5.0,0.0,0.0
113,ELLIOSE01 ,N,1992,1995,2,37,18.0,0.0,0.0,7.0,2.0,0.0,0.0,0.0,0.0,18.0,6.0,5.0,0.0,0.0
114,ELLISDA01 ,N,1988,1988,1,26,27.0,0.0,0.0,6.0,2.0,0.0,0.0,0.0,0.0,16.0,12.0,2.0,0.0,0.0
115,EMBRYWA01 ,N,1960,1964,5,163,32.0,0.0,0.0,18.0,2.0,0.0,0.0,0.0,0.0,34.0,15.0,2.0,0.0,0.0
116,ENGLIAL01 ,N,1982,1988,7,136,69.0,0.0,0.0,13.0,14.0,0.0,0.0,0.0,0.0,66.0,34.0,2.0,0.0,0.0
117,ERVINJU01 ,A,1971,1975,5,134,100.0,18.0,11.0,36.0,24.0,2.0,5.0,8.0,16.0,70.0,38.0,29.0,2.0,1.0
118,ERVINJU01 ,N,1976,1986,11,315,223.0,0.0,0.0,65.0,35.0,0.0,0.0,0.0,0.0,177.0,84.0,56.0,0.0,0.0
119,EWINGPA01 ,N,1985,1996,11,388,106.0,0.0,0.0,60.0,7.0,0.0,0.0,0.0,0.0,82.0,44.0,26.0,0.0,0.0
120,FELIXRA01 ,N,1953,1953,1,32,13.0,0.0,0.0,11.0,1.0,0.0,0.0,0.0,0.0,8.0,4.0,5.0,0.0,0.0
121,FINLEMI01 ,N,1999,2000,2,29,23.0,2.0,2.0,4.0,5.0,0.0,0.0,2.0,0.0,21.0,10.0,2.0,4.0,1.0
122,FLOYDER01 ,N,1986,1986,1,19,14.0,0.0,0.0,5.0,1.0,0.0,0.0,0.0,0.0,7.0,4.0,7.0,0.0,0.0
123,FOSTEJA01 ,A,1975,1975,1,5,0.0,0.0,0.0,1.0,0.0,0.0,0.0,0.0,1.0,3.0,0.0,0.0,0.0,0.0
124,FOUSTLA01 ,N,1950,1958,8,217,49.0,0.0,0.0,49.0,3.0,0.0,0.0,0.0,0.0,54.0,17.0,16.0,0.0,0.0
125,FRANCST01 ,N,2001,2003,3,73,36.0,5.0,3.0,8.0,16.0,2.0,0.0,6.0,3.0,29.0,16.0,2.0,6.0,3.0
126,FRAZIWA01 ,N,1969,1975,7,183,88.0,0.0,0.0,27.0,26.0,0.0,0.0,0.0,0.0,78.0,35.0,21.0,0.0,0.0
127,FREEMDO01 ,A,1967,1971,5,123,81.0,13.0,9.0,26.0,19.0,0.0,0.0,13.0,15.0,62.0,28.0,32.0,0.0,0.0
128,FREEWO01  ,N,1979,1979,1,21,14.0,0.0,0.0,3.0,5.0,0.0,0.0,0.0,0.0,13.0,7.0,1.0,0.0,0.0
129,FULKSJO01 ,N,1950,1951,2,9,25.0,0.0,0.0,12.0,5.0,0.0,0.0,0.0,0.0,22.0,9.0,10.0,0.0,0.0
130,GABORBI01 ,N,1952,1952,1,25,0.0,0.0,0.0,5.0,2.0,0.0,0.0,0.0,0.0,3.0,0.0,1.0,0.0,0.0
131,GALLAHA01 ,N,1950,1956,7,159,57.0,0.0,0.0,65.0,16.0,0.0,0.0,0.0,0.0,41.0,19.0,27.0,0.0,0.0
132,GARMADI01 ,N,1956,1959,4,73,31.0,0.0,0.0,19.0,6.0,0.0,0.0,0.0,0.0,36.0,13.0,6.0,0.0,0.0
133,GARNEKE01 ,N,1996,2003,7,195,119.0,39.0,16.0,55.0,23.0,13.0,8.0,10.0,7.0,102.0,54.0,11.0,4.0,0.0
134,GATLICH01 ,N,1996,1996,1,12,2.0,2.0,0.0,2.0,0.0,1.0,0.0,0.0,1.0,8.0,1.0,0.0,0.0,0.0
135,GEORGJA01 ,N,1955,1956,2,42,14.0,0.0,0.0,4.0,7.0,0.0,0.0,0.0,0.0,13.0,5.0,4.0,0.0,0.0
136,GERARGU01 ,A,1975,1975,1,17,12.0,0.0,0.0,9.0,1.0,0.0,0.0,0.0,5.0,14.0,5.0,2.0,0.0,0.0
137,GERVIGE01 ,A,1973,1975,3,67,40.0,8.0,3.0,17.0,7.0,6.0,5.0,4.0,4.0,37.0,14.0,14.0,4.0,1.0
138,GERVIGE01 ,N,1976,1984,9,212,136.0,0.0,0.0,30.0,11.0,0.0,0.0,0.0,0.0,103.0,54.0,36.0,0.0,0.0
139,GILMOAR01 ,A,1971,1975,5,140,67.0,38.0,14.0,59.0,6.0,2.0,7.0,15.0,23.0,40.0,24.0,34.0,0.0,0.0
140,GILMOAR01 ,N,1977,1985,6,101,55.0,0.0,0.0,22.0,8.0,0.0,0.0,0.0,0.0,30.0,20.0,20.0,0.0,0.0
141,GOLATO01  ,N,1959,1963,5,169,29.0,0.0,0.0,11.0,7.0,0.0,0.0,0.0,0.0,29.0,12.0,9.0,0.0,0.0
142,GOODRGA01 ,N,1968,1974,5,77,33.0,0.0,0.0,9.0,14.0,0.0,0.0,0.0,0.0,38.0,16.0,2.0,0.0,0.0
143,GOVANGE01 ,A,1969,1969,1,11,2.0,0.0,0.0,4.0,0.0,0.0,0.0,0.0,0.0,2.0,1.0,0.0,0.0,0.0
144,GRANTHO01 ,N,1993,1993,1,17,4.0,0.0,0.0,8.0,2.0,0.0,0.0,0.0,0.0,8.0,2.0,0.0,0.0,0.0
145,GREENAC01 ,N,1989,1989,1,12,0.0,0.0,0.0,3.0,1.0,0.0,0.0,0.0,0.0,3.0,0.0,0.0,0.0,0.0
146,GREENJO01 ,N,1961,1970,4,72,32.0,0.0,0.0,9.0,0.0,0.0,0.0,0.0,0.0,19.0,13.0,8.0,0.0,0.0
147,GREENMI01 ,A,1974,1974,1,18,6.0,3.0,0.0,3.0,0.0,0.0,0.0,1.0,4.0,6.0,3.0,0.0,0.0,0.0
148,GREENRI01 ,N,1983,1983,1,19,6.0,0.0,0.0,0.0,11.0,0.0,0.0,0.0,0.0,8.0,3.0,0.0,0.0,0.0
149,GREERHA01 ,N,1960,1969,10,207,130.0,0.0,0.0,45.0,28.0,0.0,0.0,0.0,0.0,102.0,47.0,37.0,0.0,0.0
150,GROZAAL01 ,N,1950,1950,1,0,17.0,0.0,0.0,13.0,1.0,0.0,0.0,0.0,0.0,16.0,8.0,1.0,0.0,0.0
151,GUERIRI01 ,N,1957,1962,6,122,63.0,0.0,0.0,22.0,18.0,0.0,0.0,0.0,0.0,56.0,23.0,26.0,0.0,0.0
152,GUGLITO01 ,N,1996,1996,1,19,9.0,7.0,1.0,8.0,3.0,2.0,0.0,3.0,3.0,7.0,3.0,4.0,1.0,0.0
153,HAGANCL01 ,A,1967,1967,1,24,10.0,0.0,0.0,0.0,5.0,0.0,0.0,3.0,2.0,11.0,4.0,2.0,0.0,0.0
154,HAGANCL01 ,N,1957,1961,5,164,21.0,0.0,0.0,15.0,6.0,0.0,0.0,0.0,0.0,26.0,8.0,5.0,0.0,0.0
155,HARDAAN01 ,N,1994,1997,4,98,55.0,3.0,4.0,15.0,24.0,2.0,0.0,2.0,2.0,32.0,20.0,12.0,6.0,3.0
156,HARDATI01 ,N,1990,1997,5,162,37.0,4.0,0.0,7.0,19.0,1.0,0.0,8.0,1.0,35.0,14.0,2.0,11.0,4.0
157,HARRIBO02 ,N,1955,1955,1,25,5.0,0.0,0.0,0.0,1.0,0.0,0.0,0.0,0.0,7.0,2.0,2.0,0.0,0.0
158,HAVLIJO01 ,N,1965,1977,13,303,179.0,0.0,0.0,46.0,34.0,0.0,0.0,0.0,0.0,154.0,74.0,41.0,0.0,0.0
159,HAWKICO01 ,A,1967,1967,1,26,7.0,5.0,4.0,9.0,2.0,0.0,0.0,0.0,3.0,6.0,3.0,3.0,0.0,0.0
160,HAWKICO01 ,N,1969,1972,4,45,25.0,0.0,0.0,10.0,5.0,0.0,0.0,0.0,0.0,16.0,8.0,10.0,0.0,0.0
161,HAWKIHE01 ,N,1990,1990,1,14,6.0,0.0,0.0,0.0,1.0,0.0,0.0,0.0,0.0,5.0,3.0,0.0,0.0,0.0
162,HAYESEL01 ,N,1968,1979,12,264,119.0,0.0,0.0,92.0,17.0,0.0,0.0,0.0,0.0,129.0,52.0,34.0,0.0,0.0
163,HAYWOSP01 ,A,1969,1969,1,39,23.0,0.0,0.0,19.0,2.0,0.0,0.0,0.0,4.0,19.0,10.0,4.0,0.0,0.0
164,HAYWOSP01 ,N,1971,1974,4,97,48.0,0.0,0.0,31.0,6.0,0.0,0.0,0.0,0.0,46.0,20.0,9.0,0.0,0.0
165,HAZZAWA01 ,N,1967,1967,1,20,9.0,0.0,0.0,3.0,3.0,0.0,0.0,0.0,0.0,12.0,4.0,1.0,0.0,0.0
166,HEINSTO01 ,N,1956,1964,6,196,51.0,0.0,0.0,20.0,3.0,0.0,0.0,0.0,0.0,67.0,22.0,8.0,0.0,0.0
167,HIGHTWA01 ,A,1968,1968,1,9,6.0,4.0,1.0,5.0,0.0,0.0,0.0,0.0,2.0,2.0,1.0,4.0,0.0,0.0
168,HILLGR01  ,N,1994,2000,6,214,57.0,7.0,2.0,12.0,17.0,3.0,1.0,6.0,3.0,43.0,25.0,7.0,2.0,1.0
169,HILLTY01  ,N,1994,1994,1,6,2.0,0.0,0.0,4.0,0.0,0.0,0.0,0.0,0.0,1.0,1.0,0.0,0.0,0.0
170,HOLLILI01 ,N,1977,1977,1,23,10.0,0.0,0.0,0.0,8.0,0.0,0.0,0.0,0.0,8.0,3.0,5.0,0.0,0.0
171,HORNAJE01 ,N,1991,1991,1,24,11.0,0.0,0.0,2.0,3.0,0.0,0.0,0.0,0.0,7.0,5.0,0.0,0.0,0.0
172,HOUSTAL01 ,N,1999,2000,2,33,16.0,3.0,0.0,3.0,5.0,1.0,0.0,2.0,1.0,15.0,5.0,4.0,5.0,2.0
173,HOWARJU01 ,N,1995,1995,1,16,2.0,0.0,0.0,6.0,2.0,0.0,0.0,0.0,0.0,5.0,1.0,0.0,0.0,0.0
174,HOWELBA01 ,N,1960,1966,6,81,32.0,0.0,0.0,10.0,8.0,0.0,0.0,0.0,0.0,33.0,13.0,8.0,0.0,0.0
175,HUDSOLO01 ,N,1968,1973,6,99,66.0,0.0,0.0,13.0,6.0,0.0,0.0,0.0,0.0,61.0,26.0,15.0,0.0,0.0
176,HUNDLRO01 ,N,1959,1960,2,37,24.0,0.0,0.0,3.0,4.0,0.0,0.0,0.0,0.0,22.0,11.0,2.0,0.0,0.0
177,HUNTELE01 ,A,1967,1968,2,43,19.0,6.0,8.0,14.0,1.0,0.0,0.0,6.0,7.0,17.0,7.0,7.0,0.0,0.0
178,HUTCHME01 ,N,1952,1956,4,114,26.0,0.0,0.0,21.0,7.0,0.0,0.0,0.0,0.0,39.0,11.0,8.0,0.0,0.0
179,ILGAUZY01 ,N,2002,2002,1,4,0.0,0.0,0.0,0.0,0.0,0.0,0.0,1.0,1.0,1.0,0.0,0.0,0.0,0.0
180,IMHOFDA01 ,N,1966,1966,1,6,0.0,0.0,0.0,7.0,1.0,0.0,0.0,0.0,0.0,7.0,0.0,0.0,0.0,0.0
181,ISSELDA01 ,A,1970,1975,6,163,103.0,21.0,17.0,47.0,16.0,1.0,1.0,10.0,12.0,79.0,42.0,26.0,0.0,0.0
182,ISSELDA01 ,N,1976,1976,1,10,0.0,0.0,0.0,1.0,0.0,0.0,0.0,0.0,0.0,3.0,0.0,0.0,0.0,0.0
183,IVERSAL01 ,N,1999,2003,5,144,94.0,8.0,6.0,14.0,35.0,11.0,0.0,21.0,5.0,77.0,35.0,26.0,6.0,4.0
184,JABALWA01 ,A,1969,1973,4,87,30.0,10.0,5.0,17.0,12.0,4.0,0.0,7.0,10.0,38.0,13.0,6.0,7.0,1.0
185,JACKSLU01 ,N,1964,1964,1,15,5.0,0.0,0.0,1.0,1.0,0.0,0.0,0.0,0.0,5.0,2.0,2.0,0.0,0.0
186,JACKSMA01 ,N,1988,1988,1,16,9.0,0.0,0.0,2.0,4.0,0.0,0.0,0.0,0.0,5.0,3.0,4.0,0.0,0.0
187,JACKSME01 ,A,1968,1968,1,11,3.0,1.0,1.0,2.0,1.0,0.0,0.0,0.0,1.0,3.0,1.0,1.0,0.0,0.0
188,JACKSTO01 ,A,1967,1967,1,12,4.0,2.0,0.0,2.0,1.0,0.0,0.0,2.0,0.0,6.0,2.0,0.0,3.0,0.0
189,JOHNSDE01 ,N,1978,1984,5,107,77.0,0.0,0.0,15.0,9.0,0.0,0.0,0.0,0.0,43.0,25.0,30.0,0.0,0.0
190,JOHNSED02 ,N,1979,1981,3,88,54.0,0.0,0.0,5.0,11.0,0.0,0.0,0.0,0.0,40.0,25.0,6.0,0.0,0.0
191,JOHNSGU01 ,N,1964,1970,5,99,67.0,0.0,0.0,33.0,6.0,0.0,0.0,0.0,0.0,56.0,24.0,25.0,0.0,0.0
192,JOHNSJO01 ,N,1970,1971,2,5,0.0,0.0,0.0,1.0,1.0,0.0,0.0,0.0,0.0,2.0,0.0,0.0,0.0,0.0
193,JOHNSKE01 ,N,1989,1993,3,51,13.0,0.0,0.0,3.0,13.0,0.0,0.0,0.0,0.0,12.0,6.0,3.0,0.0,0.0
194,JOHNSLA01 ,N,1992,1994,2,36,11.0,0.0,0.0,8.0,2.0,0.0,0.0,0.0,0.0,9.0,4.0,2.0,0.0,0.0
195,JOHNSMA01 ,N,1978,1991,13,461,174.0,0.0,0.0,63.0,123.0,0.0,0.0,0.0,0.0,139.0,63.0,43.0,0.0,0.0
196,JOHNSMA02 ,N,1980,1985,4,71,27.0,0.0,0.0,13.0,8.0,0.0,0.0,0.0,0.0,20.0,8.0,14.0,0.0,0.0
197,JOHNSNE01 ,A,1970,1970,1,4,0.0,1.0,0.0,1.0,0.0,0.0,0.0,0.0,1.0,3.0,0.0,0.0,0.0,0.0
198,JOHNSNE02 ,N,1952,1957,6,132,70.0,0.0,0.0,52.0,6.0,0.0,0.0,0.0,0.0,63.0,27.0,23.0,0.0,0.0
199,JOHNSST03 ,A,1972,1974,3,47,18.0,5.0,3.0,8.0,2.0,1.0,0.0,1.0,6.0,23.0,8.0,2.0,3.0,0.0
200,JONESBO01 ,A,1975,1975,1,29,24.0,0.0,0.0,10.0,3.0,0.0,0.0,0.0,2.0,12.0,8.0,11.0,0.0,0.0
201,JONESBO01 ,N,1976,1981,4,64,26.0,0.0,0.0,14.0,5.0,0.0,0.0,0.0,0.0,29.0,12.0,2.0,0.0,0.0
202,JONESCA01 ,A,1974,1974,1,15,5.0,2.0,2.0,4.0,0.0,0.0,1.0,3.0,4.0,4.0,2.0,1.0,0.0,0.0
203,JONESED01 ,N,1996,1999,3,63,35.0,7.0,9.0,16.0,5.0,4.0,2.0,4.0,3.0,30.0,14.0,9.0,11.0,2.0
204,JONESJI01 ,A,1967,1973,6,139,62.0,7.0,4.0,14.0,15.0,1.0,0.0,7.0,11.0,44.0,21.0,26.0,5.0,0.0
205,JONESLA01 ,A,1967,1970,4,107,64.0,16.0,4.0,26.0,17.0,0.0,0.0,6.0,11.0,42.0,22.0,26.0,1.0,1.0
206,JONESRI01 ,A,1972,1973,2,33,4.0,8.0,4.0,12.0,3.0,0.0,1.0,4.0,5.0,19.0,2.0,0.0,1.0,0.0
207,JONESSA01 ,N,1961,1967,5,102,41.0,0.0,0.0,14.0,15.0,0.0,0.0,0.0,0.0,56.0,18.0,6.0,0.0,0.0
208,JONESST01 ,A,1969,1971,3,58,32.0,4.0,1.0,10.0,4.0,0.0,0.0,2.0,6.0,25.0,11.0,9.0,1.0,1.0
209,JONESWI01 ,A,1971,1971,1,10,2.0,2.0,1.0,3.0,0.0,0.0,0.0,0.0,2.0,3.0,1.0,0.0,0.0,0.0
210,JORDAMI01 ,N,1984,2002,14,481,262.0,20.0,6.0,61.0,54.0,9.0,0.0,8.0,8.0,233.0,110.0,52.0,3.0,1.0
211,KAUFFBO01 ,N,1970,1972,3,20,5.0,0.0,0.0,2.0,2.0,0.0,0.0,0.0,0.0,5.0,2.0,2.0,0.0,0.0
212,KEMPSH01  ,N,1992,1997,6,120,54.0,12.0,3.0,35.0,10.0,5.0,0.0,5.0,3.0,48.0,22.0,12.0,2.0,0.0
213,KENONLA01 ,A,1973,1975,3,58,40.0,9.0,1.0,16.0,3.0,0.0,0.0,4.0,6.0,30.0,19.0,3.0,0.0,0.0
214,KENONLA01 ,N,1977,1978,2,27,19.0,0.0,0.0,6.0,1.0,0.0,0.0,0.0,0.0,18.0,9.0,2.0,0.0,0.0
215,KERRJO01  ,N,1955,1962,3,48,13.0,0.0,0.0,19.0,3.0,0.0,0.0,0.0,0.0,22.0,5.0,5.0,0.0,0.0
216,KEYEJU01  ,A,1970,1970,1,7,0.0,2.0,2.0,4.0,0.0,0.0,0.0,0.0,1.0,1.0,0.0,0.0,0.0,0.0
217,KIDDJA01  ,N,1995,2003,7,178,56.0,18.0,1.0,25.0,58.0,17.0,0.0,19.0,6.0,37.0,20.0,6.0,19.0,10.0
218,KINGBE01  ,N,1983,1990,3,70,39.0,0.0,0.0,13.0,8.0,0.0,0.0,0.0,0.0,31.0,16.0,11.0,0.0,0.0
219,KINGJI01  ,N,1967,1967,1,7,0.0,0.0,0.0,1.0,2.0,0.0,0.0,0.0,0.0,4.0,1.0,3.0,0.0,0.0
220,KIRILAN01 ,N,2003,2003,1,12,2.0,1.0,0.0,1.0,0.0,0.0,1.0,0.0,0.0,3.0,1.0,0.0,1.0,0.0
221,KNIGHBI01 ,A,1975,1975,1,23,20.0,0.0,0.0,10.0,2.0,0.0,0.0,0.0,3.0,14.0,9.0,2.0,1.0,0.0
222,KNIGHBI01 ,N,1976,1976,1,12,4.0,0.0,0.0,5.0,0.0,0.0,0.0,0.0,0.0,5.0,1.0,2.0,0.0,0.0
223,KOJISDO01 ,N,1967,1968,2,26,12.0,0.0,0.0,7.0,4.0,0.0,0.0,0.0,0.0,12.0,4.0,5.0,0.0,0.0
224,LARUSRU01 ,N,1961,1968,5,169,29.0,0.0,0.0,17.0,6.0,0.0,0.0,0.0,0.0,27.0,13.0,9.0,0.0,0.0
225,LACEYSA01 ,N,1974,1974,1,17,6.0,0.0,0.0,7.0,1.0,0.0,0.0,0.0,0.0,6.0,2.0,2.0,0.0,0.0
226,LADNEWE01 ,A,1970,1971,2,34,16.0,10.0,3.0,13.0,1.0,0.0,0.0,2.0,5.0,16.0,8.0,0.0,2.0,0.0
227,LAETTCH01 ,N,1996,1996,1,24,7.0,7.0,4.0,11.0,2.0,1.0,1.0,2.0,4.0,5.0,3.0,1.0,0.0,0.0
228,LAIMBBI01 ,N,1982,1986,4,45,28.0,0.0,0.0,11.0,2.0,0.0,0.0,0.0,0.0,20.0,13.0,3.0,0.0,0.0
229,LANIEBO01 ,N,1971,1978,7,110,66.0,0.0,0.0,42.0,12.0,0.0,0.0,0.0,0.0,48.0,29.0,10.0,0.0,0.0
230,LEECL01   ,N,1967,1967,1,18,6.0,0.0,0.0,11.0,2.0,0.0,0.0,0.0,0.0,8.0,2.0,4.0,0.0,0.0
231,LEVERLA01 ,N,1987,1989,2,53,33.0,0.0,0.0,7.0,5.0,0.0,0.0,0.0,0.0,27.0,14.0,6.0,0.0,0.0
232,LEWISFR01 ,A,1967,1974,4,78,51.0,6.0,0.0,12.0,15.0,2.0,0.0,9.0,7.0,42.0,21.0,9.0,3.0,2.0
233,LEWISMI01 ,A,1970,1970,1,14,7.0,4.0,1.0,5.0,1.0,0.0,0.0,1.0,4.0,7.0,3.0,1.0,0.0,0.0
234,LEWISRE01 ,N,1991,1991,1,15,7.0,0.0,0.0,4.0,2.0,0.0,0.0,0.0,0.0,7.0,3.0,2.0,0.0,0.0
235,LIGONGO01 ,A,1968,1968,1,12,3.0,2.0,1.0,3.0,0.0,0.0,0.0,1.0,2.0,2.0,0.0,4.0,0.0,0.0
236,LOVEBO01  ,N,1970,1972,3,49,30.0,0.0,0.0,13.0,0.0,0.0,0.0,0.0,0.0,27.0,12.0,9.0,0.0,0.0
237,LOVELCL01 ,N,1955,1960,3,69,40.0,0.0,0.0,28.0,4.0,0.0,0.0,0.0,0.0,40.0,19.0,4.0,0.0,0.0
238,LUCASJE01 ,N,1963,1970,7,183,89.0,0.0,0.0,64.0,12.0,0.0,0.0,0.0,0.0,64.0,35.0,21.0,0.0,0.0
239,LUCASMA01 ,A,1975,1975,1,14,5.0,0.0,0.0,5.0,3.0,0.0,0.0,0.0,1.0,5.0,2.0,1.0,0.0,0.0
240,LUCASMA01 ,N,1976,1982,4,90,34.0,0.0,0.0,31.0,8.0,0.0,0.0,0.0,0.0,40.0,16.0,3.0,0.0,0.0
241,MACAUED01 ,N,1950,1956,7,154,83.0,0.0,0.0,32.0,18.0,0.0,0.0,0.0,0.0,62.0,24.0,41.0,0.0,0.0
242,MAGLOJA01 ,N,2003,2003,1,21,19.0,5.0,3.0,8.0,0.0,1.0,1.0,1.0,2.0,16.0,9.0,2.0,0.0,0.0
243,MAHAFRA01 ,A,1967,1967,1,7,4.0,2.0,2.0,4.0,0.0,0.0,0.0,1.0,0.0,2.0,1.0,6.0,0.0,0.0
244,MAJERDA01 ,N,1991,1994,4,157,32.0,0.0,0.0,15.0,8.0,0.0,0.0,0.0,0.0,28.0,12.0,4.0,0.0,0.0
245,MALONJE01 ,N,1985,1986,2,25,12.0,0.0,0.0,3.0,6.0,0.0,0.0,0.0,0.0,10.0,6.0,0.0,0.0,0.0
246,MALONKA01 ,N,1987,2000,13,343,145.0,7.0,1.0,74.0,19.0,3.0,1.0,0.0,1.0,107.0,58.0,40.0,0.0,0.0
247,MALONMO01 ,A,1974,1974,1,20,6.0,7.0,3.0,10.0,0.0,0.0,1.0,1.0,1.0,3.0,2.0,5.0,0.0,0.0
248,MALONMO01 ,N,1977,1988,11,273,124.0,0.0,0.0,103.0,18.0,0.0,0.0,0.0,0.0,95.0,42.0,65.0,0.0,0.0
249,MANNIDA01 ,N,1992,1993,2,35,18.0,0.0,0.0,8.0,3.0,0.0,0.0,0.0,0.0,12.0,9.0,0.0,0.0,0.0
250,MARAVPE02 ,N,1972,1978,5,178,43.0,0.0,0.0,8.0,15.0,0.0,0.0,0.0,0.0,44.0,18.0,9.0,0.0,0.0
251,MARBUST01 ,N,2000,2002,2,33,16.0,1.0,0.0,1.0,10.0,0.0,0.0,5.0,2.0,12.0,6.0,4.0,5.0,2.0
252,MARINJA01 ,N,1971,1972,2,26,15.0,0.0,0.0,4.0,2.0,0.0,0.0,0.0,0.0,14.0,7.0,1.0,0.0,0.0
253,MARIOSH01 ,N,2002,2002,1,23,8.0,2.0,5.0,7.0,4.0,3.0,1.0,0.0,1.0,9.0,4.0,0.0,1.0,0.0
254,MARTIKE01 ,N,2003,2003,1,23,17.0,3.0,4.0,7.0,3.0,0.0,0.0,3.0,1.0,10.0,8.0,2.0,0.0,0.0
255,MARTISL01 ,N,1952,1958,7,180,40.0,0.0,0.0,15.0,28.0,0.0,0.0,0.0,0.0,53.0,16.0,12.0,0.0,0.0
256,MASHBJA01 ,N,2002,2002,1,14,10.0,4.0,0.0,4.0,2.0,2.0,0.0,0.0,0.0,7.0,4.0,0.0,2.0,2.0
257,MASONAN01 ,N,2000,2000,1,20,0.0,2.0,2.0,4.0,1.0,1.0,0.0,2.0,2.0,3.0,0.0,0.0,0.0,0.0
258,MCADOBO01 ,N,1973,1977,5,126,88.0,0.0,0.0,30.0,6.0,0.0,0.0,0.0,0.0,64.0,37.0,19.0,0.0,0.0
259,MCCLATE01 ,A,1973,1973,1,25,12.0,1.0,2.0,3.0,4.0,2.0,0.0,1.0,3.0,8.0,6.0,0.0,0.0,0.0
260,MCDANJI01 ,A,1971,1971,1,20,24.0,5.0,6.0,11.0,1.0,0.0,0.0,2.0,3.0,15.0,11.0,3.0,0.0,0.0
261,MCDANXA01 ,N,1987,1987,1,13,2.0,0.0,0.0,2.0,0.0,0.0,0.0,0.0,0.0,9.0,1.0,0.0,0.0,0.0
262,MCDYEAN01 ,N,2000,2000,1,15,8.0,5.0,3.0,8.0,2.0,1.0,0.0,0.0,2.0,9.0,4.0,0.0,0.0,0.0
263,MCGINGE01 ,A,1972,1974,3,96,55.0,23.0,15.0,38.0,8.0,5.0,2.0,14.0,13.0,50.0,23.0,17.0,2.0,0.0
264,MCGINGE01 ,N,1975,1978,3,70,30.0,0.0,0.0,20.0,7.0,0.0,0.0,0.0,0.0,30.0,11.0,17.0,0.0,0.0
265,MCGLOJO01 ,N,1968,1968,1,7,2.0,0.0,0.0,1.0,0.0,0.0,0.0,0.0,0.0,2.0,1.0,0.0,0.0,0.0
266,MCGRATR01 ,N,2000,2003,4,103,68.0,8.0,5.0,13.0,9.0,5.0,1.0,7.0,4.0,47.0,25.0,14.0,18.0,7.0
267,MCGUIDI01 ,N,1950,1958,7,147,39.0,0.0,0.0,23.0,38.0,0.0,0.0,0.0,0.0,31.0,12.0,12.0,0.0,0.0
268,MCHALKE01 ,N,1983,1990,7,125,61.0,0.0,0.0,37.0,8.0,0.0,0.0,0.0,0.0,48.0,24.0,14.0,0.0,0.0
269,MELCHBI01 ,A,1970,1972,3,66,21.0,8.0,3.0,11.0,8.0,1.0,0.0,6.0,4.0,20.0,8.0,6.0,0.0,0.0
270,MENYADE01 ,A,1967,1967,1,6,4.0,1.0,1.0,2.0,0.0,0.0,0.0,0.0,2.0,4.0,2.0,1.0,0.0,0.0
271,MESCHTO01 ,N,1962,1962,1,8,3.0,0.0,0.0,1.0,1.0,0.0,0.0,0.0,0.0,3.0,1.0,2.0,0.0,0.0
272,MIKANGE01 ,N,1950,1953,4,100,78.0,0.0,0.0,51.0,7.0,0.0,0.0,0.0,0.0,80.0,28.0,27.0,0.0,0.0
273,MIKKEVE01 ,N,1950,1956,6,110,67.0,0.0,0.0,52.0,8.0,0.0,0.0,0.0,0.0,70.0,27.0,20.0,0.0,0.0
274,MILESED01 ,N,1965,1965,1,28,17.0,0.0,0.0,1.0,0.0,0.0,0.0,0.0,0.0,16.0,8.0,5.0,0.0,0.0
275,MILLEBR01 ,N,2002,2003,2,27,13.0,5.0,4.0,9.0,3.0,0.0,0.0,4.0,2.0,9.0,6.0,2.0,0.0,0.0
276,MILLERE01 ,N,1989,1999,5,96,40.0,2.0,0.0,5.0,10.0,2.0,0.0,1.0,3.0,35.0,16.0,4.0,8.0,2.0
277,MINGYA01  ,N,2002,2003,2,35,18.0,4.0,2.0,6.0,1.0,0.0,0.0,0.0,3.0,15.0,9.0,0.0,2.0,0.0
278,MITCHMI01 ,N,1980,1981,2,30,28.0,0.0,0.0,8.0,4.0,0.0,0.0,0.0,0.0,24.0,12.0,4.0,0.0,0.0
279,MIXST01   ,N,1974,1974,1,11,4.0,0.0,0.0,2.0,0.0,0.0,0.0,0.0,0.0,5.0,2.0,0.0,0.0,0.0
280,MOEDO01   ,A,1967,1969,3,81,36.0,7.0,6.0,21.0,17.0,0.0,0.0,3.0,8.0,31.0,13.0,16.0,1.0,0.0
281,MONCRSI01 ,N,1982,1985,4,102,52.0,0.0,0.0,18.0,11.0,0.0,0.0,0.0,0.0,36.0,16.0,20.0,0.0,0.0
282,MONROEA01 ,N,1968,1976,4,85,40.0,0.0,0.0,12.0,11.0,0.0,0.0,0.0,0.0,39.0,14.0,17.0,0.0,0.0
283,MOOREGE01 ,A,1969,1969,1,12,4.0,0.0,0.0,4.0,0.0,0.0,0.0,0.0,1.0,6.0,2.0,0.0,1.0,0.0
284,MOURNAL01 ,N,1993,2001,7,372,40.0,7.0,3.0,19.0,4.0,3.0,6.0,2.0,5.0,33.0,18.0,6.0,0.0,0.0
285,MULLICH01 ,N,1988,1992,5,99,49.0,0.0,0.0,14.0,12.0,0.0,0.0,0.0,0.0,33.0,15.0,20.0,0.0,0.0
286,MULLIJE01 ,N,1968,1970,3,42,22.0,0.0,0.0,5.0,6.0,0.0,0.0,0.0,0.0,20.0,11.0,0.0,0.0,0.0
287,MURPHCA01 ,N,1978,1978,1,15,6.0,0.0,0.0,1.0,5.0,0.0,0.0,0.0,0.0,5.0,3.0,0.0,0.0,0.0
288,MUTOMDI01 ,N,1991,2001,8,140,50.0,41.0,14.0,74.0,2.0,2.0,6.0,7.0,8.0,37.0,22.0,8.0,0.0,0.0
289,NANCELA01 ,N,1984,1992,3,44,33.0,0.0,0.0,14.0,2.0,0.0,0.0,0.0,0.0,21.0,15.0,4.0,0.0,0.0
290,NASHST01  ,N,2001,2002,2,40,10.0,4.0,4.0,8.0,12.0,2.0,0.0,4.0,2.0,12.0,4.0,1.0,6.0,2.0
291,NATERSW01 ,A,1973,1974,2,54,41.0,12.0,15.0,27.0,1.0,0.0,2.0,4.0,5.0,37.0,18.0,6.0,0.0,0.0
292,NATTCA01  ,N,1984,1984,1,11,3.0,0.0,0.0,3.0,1.0,0.0,0.0,0.0,0.0,3.0,1.0,2.0,0.0,0.0
293,NAULLWI01 ,N,1957,1961,4,78,40.0,0.0,0.0,26.0,2.0,0.0,0.0,0.0,0.0,50.0,17.0,8.0,0.0,0.0
294,NETOLBO01 ,A,1967,1970,4,100,46.0,21.0,6.0,35.0,5.0,0.0,0.0,3.0,7.0,39.0,19.0,15.0,0.0,0.0
295,NIXONNO01 ,N,1984,1984,1,19,11.0,0.0,0.0,2.0,8.0,0.0,0.0,0.0,0.0,7.0,5.0,2.0,0.0,0.0
296,NOBLECH01 ,N,1959,1959,1,11,0.0,0.0,0.0,1.0,3.0,0.0,0.0,0.0,0.0,5.0,0.0,0.0,0.0,0.0
297,NOWITDI01 ,N,2001,2003,3,53,23.0,7.0,2.0,9.0,5.0,2.0,0.0,6.0,2.0,22.0,10.0,1.0,9.0,2.0
298,ONEAJE01  ,N,2001,2003,3,78,33.0,20.0,6.0,26.0,2.0,3.0,4.0,5.0,3.0,28.0,12.0,14.0,0.0,0.0
299,ONEASH01  ,N,1992,2002,10,471,122.0,17.0,9.0,60.0,7.0,2.0,4.0,9.0,7.0,97.0,49.0,49.0,0.0,0.0
300,ONEASH11  ,N,2003,2003,1,24,24.0,6.0,5.0,11.0,1.0,2.0,2.0,4.0,3.0,19.0,12.0,1.0,0.0,0.0
301,OAKLECH01 ,N,1993,1993,1,11,2.0,0.0,0.0,3.0,3.0,0.0,0.0,0.0,0.0,3.0,1.0,0.0,0.0,0.0
302,OHLDO01   ,N,1962,1966,5,87,46.0,0.0,0.0,9.0,7.0,0.0,0.0,0.0,0.0,43.0,16.0,15.0,0.0,0.0
303,OLAJUHA01 ,N,1984,1996,12,278,117.0,3.0,0.0,94.0,17.0,0.0,1.0,1.0,1.0,110.0,45.0,49.0,0.0,0.0
304,PARISRO01 ,N,1980,1990,9,147,81.0,0.0,0.0,56.0,9.0,0.0,0.0,0.0,0.0,74.0,32.0,23.0,0.0,0.0
305,PAULTBI01 ,A,1972,1975,3,53,17.0,6.0,3.0,11.0,8.0,1.0,3.0,2.0,5.0,16.0,7.0,3.0,0.0,0.0
306,PAXSOJI01 ,N,1982,1983,2,31,21.0,0.0,0.0,3.0,3.0,0.0,0.0,0.0,0.0,16.0,10.0,2.0,0.0,0.0
307,PAYTOGA01 ,N,1993,2002,9,187,85.0,9.0,5.0,30.0,73.0,11.0,0.0,17.0,9.0,78.0,34.0,11.0,19.0,6.0
308,PETRIGE01 ,N,1970,1973,2,31,8.0,0.0,0.0,2.0,5.0,0.0,0.0,0.0,0.0,14.0,3.0,2.0,0.0,0.0
309,PETTIBO01 ,N,1954,1964,11,360,224.0,0.0,0.0,178.0,23.0,0.0,0.0,0.0,0.0,193.0,81.0,80.0,0.0,0.0
310,PHILLAN01 ,N,1950,1954,5,113,34.0,0.0,0.0,25.0,31.0,0.0,0.0,0.0,0.0,31.0,15.0,5.0,0.0,0.0
311,PIERCPA01 ,N,2001,2003,3,54,35.0,7.0,3.0,10.0,8.0,6.0,0.0,3.0,4.0,37.0,17.0,0.0,12.0,1.0
312,PIERCRI01 ,N,1990,1990,1,19,9.0,0.0,0.0,2.0,2.0,0.0,0.0,0.0,0.0,8.0,4.0,1.0,0.0,0.0
313,PIPPESC01 ,N,1989,1996,7,173,85.0,3.0,0.0,39.0,17.0,0.0,0.0,2.0,0.0,77.0,34.0,16.0,3.0,0.0
314,POLLAJI01 ,N,1950,1954,4,97,48.0,0.0,0.0,22.0,13.0,0.0,0.0,0.0,0.0,69.0,21.0,8.0,0.0,0.0
315,PORTETE01 ,N,1990,1992,2,34,11.0,0.0,0.0,3.0,7.0,0.0,0.0,0.0,0.0,14.0,5.0,0.0,0.0,0.0
316,POWELCI01 ,A,1969,1970,2,47,23.0,7.0,3.0,17.0,0.0,0.0,0.0,2.0,3.0,15.0,9.0,5.0,0.0,0.0
317,PRICEJI01 ,N,1974,1974,1,17,8.0,0.0,0.0,2.0,0.0,0.0,0.0,0.0,0.0,9.0,3.0,2.0,0.0,0.0
318,PRICEMA01 ,N,1988,1993,4,80,54.0,0.0,0.0,6.0,13.0,0.0,0.0,0.0,0.0,35.0,18.0,10.0,0.0,0.0
319,RATLITH01 ,N,2000,2000,1,99,0.0,0.0,0.0,0.0,0.0,0.0,0.0,0.0,0.0,0.0,0.0,0.0,0.0,0.0
320,REDDMI01  ,N,2003,2003,1,15,13.0,1.0,2.0,3.0,2.0,3.0,0.0,1.0,0.0,12.0,5.0,0.0,6.0,3.0
321,REEDWI01  ,N,1964,1970,7,161,88.0,0.0,0.0,58.0,7.0,0.0,0.0,0.0,0.0,84.0,38.0,16.0,0.0,0.0
322,REGANRI01 ,N,1956,1956,1,21,4.0,0.0,0.0,4.0,1.0,0.0,0.0,0.0,0.0,7.0,2.0,0.0,0.0,0.0
323,RICEGL01  ,N,1995,1997,3,56,49.0,0.0,2.0,3.0,3.0,2.0,0.0,2.0,2.0,43.0,17.0,6.0,13.0,8.0
324,RICHAMI01 ,N,1979,1984,4,74,33.0,0.0,0.0,13.0,9.0,0.0,0.0,0.0,0.0,29.0,15.0,6.0,0.0,0.0
325,RICHMMI01 ,N,1992,1997,6,209,57.0,3.0,1.0,12.0,13.0,0.0,0.0,1.0,1.0,57.0,25.0,2.0,6.0,3.0
326,RISENAR01 ,N,1951,1954,4,157,19.0,0.0,0.0,21.0,3.0,0.0,0.0,0.0,0.0,24.0,9.0,5.0,0.0,0.0
327,RIVERDO01 ,N,1987,1987,1,16,9.0,0.0,0.0,3.0,6.0,0.0,0.0,0.0,0.0,4.0,2.0,11.0,0.0,0.0
328,ROBBIRE01 ,A,1967,1970,3,53,27.0,5.0,6.0,11.0,2.0,0.0,0.0,3.0,5.0,25.0,12.0,4.0,0.0,0.0
329,ROBERAL01 ,N,1985,1990,4,60,18.0,0.0,0.0,13.0,7.0,0.0,0.0,0.0,0.0,18.0,7.0,4.0,0.0,0.0
330,ROBEROS01 ,N,1960,1971,12,380,236.0,0.0,0.0,69.0,81.0,0.0,0.0,0.0,0.0,172.0,88.0,98.0,0.0,0.0
331,ROBINCL02 ,N,1993,1993,1,18,10.0,0.0,0.0,2.0,5.0,0.0,0.0,0.0,0.0,8.0,5.0,0.0,0.0,0.0
332,ROBINDA01 ,N,1989,2000,10,184,141.0,7.0,5.0,62.0,8.0,2.0,2.0,4.0,5.0,85.0,50.0,59.0,0.0,0.0
333,ROBINFL01 ,N,1969,1969,1,8,6.0,0.0,0.0,1.0,2.0,0.0,0.0,0.0,0.0,4.0,3.0,0.0,0.0,0.0
334,ROBINGL01 ,N,1999,2000,2,35,18.0,7.0,3.0,10.0,1.0,1.0,1.0,0.0,0.0,17.0,9.0,0.0,0.0,0.0
335,ROBINTR01 ,N,1980,1981,2,42,12.0,0.0,0.0,10.0,4.0,0.0,0.0,0.0,0.0,12.0,6.0,0.0,0.0,0.0
336,ROBINTR01 ,N,1977,1977,1,24,7.0,0.0,0.0,6.0,1.0,0.0,0.0,0.0,0.0,7.0,3.0,2.0,0.0,0.0
337,ROCHARE01 ,N,1950,1951,2,28,20.0,0.0,0.0,7.0,5.0,0.0,0.0,0.0,0.0,21.0,7.0,6.0,0.0,0.0
338,RODGEGU01 ,N,1962,1966,4,101,22.0,0.0,0.0,13.0,25.0,0.0,0.0,0.0,0.0,27.0,10.0,3.0,0.0,0.0
339,RODMADE01 ,N,1989,1991,2,36,8.0,0.0,0.0,17.0,1.0,0.0,0.0,0.0,0.0,11.0,4.0,0.0,0.0,0.0
340,ROUNDDA01 ,N,1979,1981,3,225,18.0,0.0,0.0,13.0,0.0,0.0,0.0,0.0,0.0,15.0,7.0,9.0,0.0,0.0
341,ROWECU01  ,N,1975,1975,1,8,1.0,0.0,0.0,2.0,0.0,0.0,0.0,0.0,0.0,2.0,0.0,2.0,0.0,0.0
342,RULEBO01  ,N,1969,1969,1,13,5.0,0.0,0.0,4.0,0.0,0.0,0.0,0.0,0.0,6.0,2.0,1.0,0.0,0.0
343,RUSSEBI01 ,N,1957,1968,12,343,120.0,0.0,0.0,139.0,39.0,0.0,0.0,0.0,0.0,111.0,51.0,34.0,0.0,0.0
344,RUSSECA01 ,N,1971,1971,1,20,10.0,0.0,0.0,1.0,0.0,0.0,0.0,0.0,0.0,13.0,4.0,2.0,0.0,0.0
345,RUSSECA02 ,N,1978,1978,1,13,4.0,0.0,0.0,1.0,0.0,0.0,0.0,0.0,0.0,8.0,2.0,0.0,0.0,0.0
346,RUTLAJE01 ,N,1983,1983,1,13,6.0,0.0,0.0,4.0,2.0,0.0,0.0,0.0,0.0,3.0,2.0,2.0,0.0,0.0
347,SAMPSRA01 ,N,1983,1986,4,165,49.0,0.0,0.0,19.0,2.0,0.0,0.0,0.0,0.0,33.0,21.0,10.0,0.0,0.0
348,SAULDWO01 ,N,1958,1958,1,18,14.0,0.0,0.0,2.0,3.0,0.0,0.0,0.0,0.0,11.0,5.0,4.0,0.0,0.0
349,SCHAUFR01 ,N,1950,1950,1,0,8.0,0.0,0.0,4.0,2.0,0.0,0.0,0.0,0.0,9.0,2.0,4.0,0.0,0.0
350,SCHAYDO01 ,N,1950,1961,12,347,138.0,0.0,0.0,105.0,17.0,0.0,0.0,0.0,0.0,106.0,48.0,50.0,0.0,0.0
351,SCHREDE01 ,N,1992,1996,3,51,23.0,3.0,1.0,11.0,7.0,0.0,1.0,1.0,3.0,22.0,10.0,3.0,3.0,1.0
352,SCOLAFR01 ,N,1951,1952,2,114,10.0,0.0,0.0,0.0,2.0,0.0,0.0,0.0,0.0,9.0,5.0,0.0,0.0,0.0
353,SCOTTCH01 ,A,1970,1971,2,44,27.0,4.0,2.0,6.0,6.0,0.0,0.0,11.0,6.0,27.0,11.0,9.0,1.0,0.0
354,SCOTTCH01 ,N,1972,1974,3,49,4.0,0.0,0.0,5.0,7.0,0.0,0.0,0.0,0.0,15.0,1.0,2.0,0.0,0.0
355,SEARSKE01 ,N,1957,1958,2,50,27.0,0.0,0.0,9.0,1.0,0.0,0.0,0.0,0.0,17.0,9.0,10.0,0.0,0.0
356,SELVYFR01 ,N,1954,1961,2,30,7.0,0.0,0.0,7.0,2.0,0.0,0.0,0.0,0.0,10.0,2.0,4.0,0.0,0.0
357,SEYMOPA01 ,N,1952,1954,3,49,21.0,0.0,0.0,7.0,6.0,0.0,0.0,0.0,0.0,17.0,7.0,8.0,0.0,0.0
358,SHAFFLE01 ,N,1962,1962,1,19,12.0,0.0,0.0,1.0,1.0,0.0,0.0,0.0,0.0,13.0,6.0,0.0,0.0,0.0
359,SHARMBI01 ,N,1952,1959,8,196,102.0,0.0,0.0,35.0,17.0,0.0,0.0,0.0,0.0,104.0,40.0,26.0,0.0,0.0
360,SHUEGE01  ,N,1957,1961,5,130,66.0,0.0,0.0,20.0,19.0,0.0,0.0,0.0,0.0,51.0,29.0,12.0,0.0,0.0
361,SIKMAJA01 ,N,1978,1984,7,147,51.0,0.0,0.0,37.0,14.0,0.0,0.0,0.0,0.0,45.0,21.0,10.0,0.0,0.0
362,SILASJA01 ,A,1974,1975,2,46,41.0,2.0,1.0,3.0,10.0,2.0,0.0,2.0,11.0,17.0,11.0,19.0,0.0,0.0
363,SILASPA01 ,N,1971,1974,2,30,8.0,0.0,0.0,11.0,3.0,0.0,0.0,0.0,0.0,10.0,2.0,5.0,0.0,0.0
364,SIMONWA01 ,A,1968,1968,1,21,18.0,1.0,3.0,4.0,1.0,0.0,0.0,2.0,3.0,11.0,8.0,3.0,0.0,0.0
365,SIMPSRA01 ,A,1971,1975,5,118,55.0,4.0,4.0,15.0,7.0,3.0,0.0,11.0,3.0,62.0,25.0,7.0,1.0,0.0
366,SLOANJE01 ,N,1966,1968,2,40,19.0,0.0,0.0,7.0,4.0,0.0,0.0,0.0,0.0,17.0,6.0,1.0,0.0,0.0
367,SMITHAD01 ,N,1965,1965,1,26,24.0,0.0,0.0,8.0,3.0,0.0,0.0,0.0,0.0,18.0,9.0,6.0,0.0,0.0
368,SMITHPH01 ,N,1975,1976,2,40,20.0,0.0,0.0,7.0,8.0,0.0,0.0,0.0,0.0,20.0,9.0,6.0,0.0,0.0
369,SMITHRA01 ,N,1975,1977,2,44,35.0,0.0,0.0,8.0,9.0,0.0,0.0,0.0,0.0,21.0,15.0,6.0,0.0,0.0
370,SMITHST01 ,N,1997,1997,1,16,14.0,1.0,2.0,3.0,0.0,0.0,0.0,0.0,0.0,12.0,6.0,0.0,5.0,2.0
371,SMITSRI01 ,N,1997,1997,1,21,10.0,5.0,2.0,7.0,4.0,0.0,2.0,0.0,3.0,7.0,3.0,4.0,0.0,0.0
372,SOMERWI01 ,A,1968,1968,1,17,6.0,3.0,0.0,3.0,3.0,0.0,0.0,1.0,3.0,7.0,2.0,2.0,0.0,0.0
373,SPREWLA01 ,N,1993,2000,4,77,44.0,2.0,2.0,15.0,10.0,2.0,0.0,2.0,3.0,35.0,17.0,17.0,4.0,1.0
374,STACKJE01 ,N,1999,2000,2,29,15.0,1.0,2.0,3.0,4.0,0.0,0.0,1.0,3.0,15.0,7.0,2.0,1.0,1.0
375,STARKJO01 ,N,1993,1993,1,20,9.0,0.0,0.0,3.0,3.0,0.0,0.0,0.0,0.0,9.0,4.0,0.0,0.0,0.0
376,STOCKJO01 ,N,1988,1999,10,197,81.0,0.0,0.0,17.0,71.0,2.0,0.0,1.0,4.0,66.0,35.0,6.0,2.0,2.0
377,STOJAPE01 ,N,2001,2003,3,44,21.0,4.0,2.0,6.0,3.0,1.0,0.0,3.0,0.0,22.0,8.0,0.0,13.0,5.0
378,STOKEMA01 ,N,1955,1957,3,87,39.0,0.0,0.0,42.0,12.0,0.0,0.0,0.0,0.0,43.0,15.0,15.0,0.0,0.0
379,SUNDEDO01 ,N,1953,1953,1,6,4.0,0.0,0.0,0.0,1.0,0.0,0.0,0.0,0.0,2.0,1.0,2.0,0.0,0.0
380,SZCZEWA01 ,N,2001,2001,1,12,10.0,2.0,1.0,3.0,3.0,1.0,0.0,0.0,0.0,6.0,4.0,0.0,3.0,2.0
381,TARTLE01  ,A,1967,1969,2,40,16.0,1.0,2.0,6.0,4.0,0.0,0.0,4.0,2.0,20.0,5.0,5.0,0.0,0.0
382,TAYLOBR01 ,A,1974,1975,2,50,27.0,1.0,0.0,5.0,11.0,4.0,0.0,1.0,7.0,22.0,12.0,5.0,1.0,0.0
383,TERRYCL01 ,A,1975,1975,1,25,14.0,0.0,0.0,3.0,3.0,0.0,0.0,0.0,2.0,12.0,5.0,5.0,3.0,1.0
384,THEUSRE01 ,N,1980,1982,3,46,16.0,0.0,0.0,3.0,7.0,0.0,0.0,0.0,0.0,19.0,8.0,0.0,0.0,0.0
385,THOMAIS01 ,N,1982,1992,10,301,173.0,0.0,0.0,26.0,93.0,0.0,0.0,0.0,0.0,126.0,71.0,31.0,0.0,0.0
386,THOMPDA01 ,A,1975,1975,1,34,29.0,0.0,0.0,8.0,2.0,0.0,0.0,0.0,4.0,18.0,9.0,13.0,0.0,0.0
387,THOMPDA01 ,N,1976,1978,3,98,65.0,0.0,0.0,15.0,8.0,0.0,0.0,0.0,0.0,42.0,28.0,17.0,0.0,0.0
388,THOMPGE01 ,A,1971,1973,3,60,30.0,3.0,0.0,3.0,5.0,0.0,0.0,5.0,3.0,27.0,14.0,2.0,2.0,0.0
389,THOMSDA01 ,N,1982,1982,1,17,10.0,0.0,0.0,1.0,2.0,0.0,0.0,0.0,0.0,7.0,5.0,0.0,0.0,0.0
390,THORESK01 ,A,1968,1968,1,17,2.0,5.0,0.0,5.0,2.0,0.0,0.0,1.0,3.0,4.0,1.0,0.0,0.0,0.0
391,THORPOT01 ,N,1991,1991,1,4,2.0,0.0,0.0,0.0,0.0,0.0,0.0,0.0,0.0,1.0,1.0,0.0,0.0,0.0
392,THURMNA01 ,N,1964,1973,7,302,31.0,0.0,0.0,44.0,2.0,0.0,0.0,0.0,0.0,43.0,14.0,8.0,0.0,0.0
393,TOMJARU01 ,N,1973,1978,5,89,24.0,0.0,0.0,27.0,2.0,0.0,0.0,0.0,0.0,32.0,12.0,0.0,0.0,0.0
394,TONEYAN01 ,N,1982,1983,2,40,21.0,0.0,0.0,1.0,10.0,0.0,0.0,0.0,0.0,16.0,10.0,1.0,0.0,0.0
395,TOWEMO01  ,A,1975,1975,1,11,2.0,0.0,0.0,0.0,2.0,0.0,0.0,0.0,0.0,3.0,1.0,0.0,0.0,0.0
396,TRIPUKE01 ,N,1983,1983,1,6,1.0,0.0,0.0,0.0,2.0,0.0,0.0,0.0,0.0,0.0,0.0,2.0,0.0,0.0
397,TWARDDA01 ,A,1974,1974,1,15,14.0,0.0,1.0,1.0,3.0,4.0,0.0,0.0,6.0,4.0,4.0,7.0,0.0,0.0
398,TWYMAJA01 ,N,1956,1962,6,117,89.0,0.0,0.0,21.0,8.0,0.0,0.0,0.0,0.0,68.0,38.0,20.0,0.0,0.0
399,UNSELWE01 ,N,1968,1974,5,77,31.0,0.0,0.0,36.0,6.0,0.0,0.0,0.0,0.0,28.0,14.0,5.0,0.0,0.0
400,VANARDI01 ,N,1968,1970,3,38,16.0,0.0,0.0,8.0,5.0,0.0,0.0,0.0,0.0,16.0,8.0,1.0,0.0,0.0
401,VANARTO01 ,N,1969,1971,3,23,13.0,0.0,0.0,3.0,2.0,0.0,0.0,0.0,0.0,16.0,6.0,3.0,0.0,0.0
402,VANDEKI01 ,N,1982,1983,2,40,21.0,0.0,0.0,6.0,2.0,0.0,0.0,0.0,0.0,17.0,10.0,2.0,0.0,0.0
403,VANEXNI01 ,N,1997,1997,1,20,13.0,2.0,1.0,3.0,2.0,0.0,0.0,2.0,0.0,14.0,5.0,2.0,6.0,1.0
404,VANLINO01 ,N,1973,1976,3,37,5.0,0.0,0.0,3.0,3.0,0.0,0.0,0.0,0.0,7.0,2.0,2.0,0.0,0.0
405,VAUGHCH01 ,A,1967,1967,1,4,6.0,0.0,0.0,0.0,0.0,0.0,0.0,1.0,0.0,2.0,2.0,0.0,2.0,2.0
406,VERGABO01 ,A,1969,1969,1,16,14.0,0.0,0.0,5.0,2.0,0.0,0.0,0.0,1.0,14.0,6.0,2.0,3.0,1.0
407,WALKEAN01 ,N,1997,2002,3,40,18.0,5.0,1.0,6.0,4.0,2.0,0.0,4.0,1.0,20.0,7.0,2.0,10.0,3.0
408,WALKECH01 ,N,1963,1973,7,125,57.0,0.0,0.0,18.0,9.0,0.0,0.0,0.0,0.0,46.0,20.0,20.0,0.0,0.0
409,WALKEJI01 ,N,1969,1971,2,30,11.0,0.0,0.0,3.0,1.0,0.0,0.0,0.0,0.0,12.0,4.0,6.0,0.0,0.0
410,WALLABE01 ,N,2002,2003,2,47,6.0,7.0,6.0,13.0,0.0,5.0,3.0,2.0,1.0,7.0,3.0,2.0,1.0,0.0
411,WALLARA01 ,N,1999,2000,2,42,11.0,5.0,3.0,8.0,2.0,2.0,1.0,2.0,0.0,13.0,4.0,4.0,1.0,0.0
412,WALTHPA01 ,N,1951,1951,1,17,2.0,0.0,0.0,2.0,2.0,0.0,0.0,0.0,0.0,4.0,1.0,0.0,0.0,0.0
413,WALTOBI01 ,N,1976,1977,2,130,15.0,0.0,0.0,10.0,2.0,0.0,0.0,0.0,0.0,14.0,6.0,3.0,0.0,0.0
414,WANZEBO01 ,N,1951,1955,5,131,46.0,0.0,0.0,17.0,17.0,0.0,0.0,0.0,0.0,43.0,17.0,14.0,0.0,0.0
415,WARLEBE01 ,A,1967,1967,1,17,8.0,1.0,0.0,1.0,3.0,0.0,0.0,2.0,2.0,7.0,2.0,4.0,3.0,0.0
416,WASHIKE01 ,N,1979,1979,1,14,4.0,0.0,0.0,8.0,1.0,0.0,0.0,0.0,0.0,6.0,1.0,4.0,0.0,0.0
417,WASHITR01 ,A,1968,1968,1,15,6.0,1.0,4.0,5.0,1.0,0.0,0.0,0.0,3.0,5.0,2.0,2.0,0.0,0.0
418,WEBBECH01 ,N,1996,2002,5,175,30.0,13.0,11.0,24.0,13.0,4.0,0.0,8.0,9.0,35.0,13.0,8.0,3.0,1.0
419,WEDMASC01 ,N,1975,1975,1,20,8.0,0.0,0.0,6.0,2.0,0.0,0.0,0.0,0.0,5.0,4.0,0.0,0.0,0.0
420,WESTJE01  ,N,1960,1972,13,440,160.0,0.0,0.0,47.0,55.0,0.0,0.0,0.0,0.0,137.0,62.0,50.0,0.0,0.0
421,WESTPPA01 ,N,1976,1981,6,153,116.0,0.0,0.0,11.0,27.0,0.0,0.0,0.0,0.0,80.0,51.0,19.0,0.0,0.0
422,WHITEJO01 ,N,1970,1975,6,109,54.0,0.0,0.0,26.0,19.0,0.0,0.0,0.0,0.0,53.0,24.0,11.0,0.0,0.0
423,WICKSSI01 ,N,1971,1974,4,81,49.0,0.0,0.0,17.0,3.0,0.0,0.0,0.0,0.0,40.0,18.0,18.0,0.0,0.0
424,WILKEJA01 ,N,1975,1982,4,79,48.0,0.0,0.0,22.0,10.0,0.0,0.0,0.0,0.0,39.0,19.0,10.0,0.0,0.0
425,WILKELE01 ,N,1962,1972,9,182,85.0,0.0,0.0,22.0,26.0,0.0,0.0,0.0,0.0,75.0,30.0,32.0,0.0,0.0
426,WILKIDO01 ,N,1985,1993,9,258,106.0,0.0,0.0,27.0,15.0,0.0,0.0,0.0,0.0,95.0,38.0,38.0,0.0,0.0
427,WILLIBU01 ,N,1982,1985,2,39,21.0,0.0,0.0,14.0,5.0,0.0,0.0,0.0,0.0,12.0,8.0,9.0,0.0,0.0
428,WILLICH01 ,A,1968,1969,2,12,4.0,0.0,0.0,0.0,2.0,0.0,0.0,3.0,2.0,7.0,1.0,2.0,2.0,0.0
429,WILLICH02 ,A,1972,1975,2,38,12.0,0.0,0.0,1.0,6.0,0.0,0.0,1.0,4.0,9.0,4.0,8.0,0.0,0.0
430,WILLIGU01 ,N,1982,1982,1,15,6.0,0.0,0.0,1.0,4.0,0.0,0.0,0.0,0.0,9.0,3.0,0.0,0.0,0.0
431,WILLIJA01 ,N,1997,1997,1,19,4.0,7.0,3.0,10.0,1.0,0.0,0.0,0.0,2.0,3.0,2.0,0.0,0.0,0.0
432,WILLIKE01 ,N,1991,1991,1,14,8.0,0.0,0.0,4.0,0.0,0.0,0.0,0.0,0.0,10.0,4.0,0.0,0.0,0.0
433,WINTEBR01 ,N,1975,1977,2,30,10.0,0.0,0.0,6.0,2.0,0.0,0.0,0.0,0.0,12.0,5.0,0.0,0.0,0.0
434,WISEWI01  ,A,1971,1973,3,95,49.0,12.0,10.0,22.0,7.0,1.0,1.0,4.0,6.0,40.0,20.0,11.0,0.0,0.0
435,WORTHJA01 ,N,1985,1991,7,142,74.0,0.0,0.0,26.0,9.0,0.0,0.0,0.0,0.0,77.0,34.0,8.0,0.0,0.0
436,YARDLGE01 ,N,1954,1959,6,131,64.0,0.0,0.0,35.0,4.0,0.0,0.0,0.0,0.0,60.0,26.0,17.0,0.0,0.0
437,ZASLOMA01 ,N,1951,1951,1,25,1.0,0.0,0.0,4.0,2.0,0.0,0.0,0.0,0.0,7.0,3.0,5.0,0.0,0.0
438,WHITEJO01 ,N,1976,1976,1,15,10.0,0.0,0.0,1.0,2.0,0.0,0.0,0.0,0.0,7.0,5.0,0.0,0.0,0.0
